states,actions,branching_factor,dynamics_structure,reward_structure,modality,algorithm,runs,seeds_at_floor,final_exploitability_median,runtime_mean_s,runtime_std_s,final_exploitability_mean,final_exploitability_std
10,6,6,additive,multiplicative,A/M,DampedFP:damped,5,3,0.0,2.134247448667884,0.13941441823898942,0.043618392944335935,0.0910599530588837
10,6,6,additive,multiplicative,A/M,DampedFP:fictitious_play,5,3,0.0,83.93745609009639,1.7574509959502198,0.007297325134277344,0.013672750255548483
10,6,6,additive,multiplicative,A/M,DampedFP:pure,5,3,9.5367431640625e-07,2.055625209119171,0.16031928799737624,0.006067466735839844,0.012540868287653512
10,6,6,additive,multiplicative,A/M,OMD,5,0,1.025115966796875,2.352014393825084,0.23592946705085543,0.9508778333663941,0.39923249095598434
10,6,6,additive,multiplicative,A/M,PI:boltzmann_policy_iteration,5,0,0.6037654876708984,2.1714800817891957,0.10974861737520503,0.6181122303009033,0.2731464852610102
10,6,6,additive,multiplicative,A/M,PI:policy_iteration,5,3,0.0,1.8354390459135175,0.07305613231644616,0.07563867568969726,0.16199910268820816
10,6,6,additive,multiplicative,A/M,PI:smooth_policy_iteration,5,3,0.0,2.191218247730285,0.0950492128140611,0.009259700775146484,0.019620391581834776
10,6,6,additive,multiplicative,A/M,PSO,5,0,0.45981407165527344,5.583687108010054,0.13505501678038495,0.41582599878311155,0.3379578162255415
10,6,6,multiplicative,additive,M/A,DampedFP:damped,5,3,0.0,2.120744765084237,0.09537769855989005,0.012954330444335938,0.017838230740612464
10,6,6,multiplicative,additive,M/A,DampedFP:fictitious_play,5,1,0.0024924278259277344,84.1144949376583,0.5900244317333356,0.010414218902587891,0.019408354267451813
10,6,6,multiplicative,additive,M/A,DampedFP:pure,5,3,9.5367431640625e-07,2.0509204247035084,0.1136020319246129,0.027193641662597655,0.04420091802260421
10,6,6,multiplicative,additive,M/A,OMD,5,0,1.040628433227539,2.4088884592056274,0.19049651206143614,0.9268068253993988,0.3413144240415142
10,6,6,multiplicative,additive,M/A,PI:boltzmann_policy_iteration,5,0,0.5420093536376953,2.275340365152806,0.18230800227521637,0.6136294364929199,0.293165482593019
10,6,6,multiplicative,additive,M/A,PI:policy_iteration,5,3,0.0,1.8705859302543104,0.12749069506339386,0.013877487182617188,0.01900454321271968
10,6,6,multiplicative,additive,M/A,PI:smooth_policy_iteration,5,3,9.5367431640625e-07,2.288211125601083,0.14907086066524347,0.019035148620605468,0.027287608739554662
10,6,6,multiplicative,additive,M/A,PSO,5,0,0.05153465270996094,5.756179318204522,0.2744124850642454,0.28850876092910765,0.3729719387011029
20,6,6,additive,multiplicative,A/M,DampedFP:damped,5,5,0.0,2.564040639158338,0.11339561405584703,2.0265579223632812e-07,4.2062470351165176e-07
20,6,6,additive,multiplicative,A/M,DampedFP:fictitious_play,5,2,0.0015714168548583984,87.5898245868273,3.104106262169594,0.003741025924682617,0.005151190365812328
20,6,6,additive,multiplicative,A/M,DampedFP:pure,5,3,2.384185791015625e-07,2.3061797792091965,0.11617457579267622,0.0009065985679626465,0.0015630202567240258
20,6,6,additive,multiplicative,A/M,OMD,5,0,0.7963981628417969,2.7750896602869033,0.2649924610378852,0.8187136054039001,0.25905354595011726
20,6,6,additive,multiplicative,A/M,PI:boltzmann_policy_iteration,5,0,0.47230786085128784,2.5470774874091147,0.22012345334861652,0.5570515036582947,0.24110468717976039
20,6,6,additive,multiplicative,A/M,PI:policy_iteration,5,2,0.00024580955505371094,2.1676237912848593,0.2507099763206467,0.005764520168304444,0.012545064337955103
20,6,6,additive,multiplicative,A/M,PI:smooth_policy_iteration,5,4,0.0,2.586953032389283,0.19949129935012025,0.0006045818328857422,0.0013525525329548779
20,6,6,additive,multiplicative,A/M,PSO,5,0,1.022242546081543,6.469000087864697,0.21226284629635184,1.0849168300628662,0.9205792991709224
20,6,6,multiplicative,additive,M/A,DampedFP:damped,5,3,7.152557373046875e-07,2.491016895044595,0.1817837289582454,9.298324584960937e-07,9.325793845943425e-07
20,6,6,multiplicative,additive,M/A,DampedFP:fictitious_play,5,1,1.9073486328125e-06,84.12860203580931,1.6968834007958065,0.00041954517364501954,0.000736933005344641
20,6,6,multiplicative,additive,M/A,DampedFP:pure,5,3,9.5367431640625e-07,2.4415037305094303,0.2047665912750089,1.2874603271484376e-06,1.1131875543526414e-06
20,6,6,multiplicative,additive,M/A,OMD,5,0,0.6754665374755859,2.7702839381061493,0.1789101645991929,0.8124602794647217,0.33599341884307604
20,6,6,multiplicative,additive,M/A,PI:boltzmann_policy_iteration,5,0,0.41307640075683594,2.637909081298858,0.07016108089145184,0.5299243330955505,0.3458921221351337
20,6,6,multiplicative,additive,M/A,PI:policy_iteration,5,1,1.9073486328125e-06,2.261313456017524,0.1325363847194811,1.8715858459472655e-06,1.332533788188686e-06
20,6,6,multiplicative,additive,M/A,PI:smooth_policy_iteration,5,2,1.9073486328125e-06,2.6120087442919613,0.1622563740323364,1.9192695617675783e-06,1.4626838952328906e-06
20,6,6,multiplicative,additive,M/A,PSO,5,0,0.22794342041015625,6.818505342211575,0.29620779912879774,0.3189812541007996,0.3076405102513723
80,6,6,additive,multiplicative,A/M,DampedFP:damped,5,0,0.0018063783645629883,3.3849699811078606,0.3156194430525404,0.002946794033050537,0.003316178203275826
80,6,6,additive,multiplicative,A/M,DampedFP:fictitious_play,5,0,0.0013427734375,91.35856358744203,2.637510269202816,0.001615726947784424,0.0013629720638518473
80,6,6,additive,multiplicative,A/M,DampedFP:pure,5,0,0.0074443817138671875,3.288092568144202,0.1497692531524675,0.0070437431335449215,0.00468041570858809
80,6,6,additive,multiplicative,A/M,OMD,5,0,0.9775190353393555,3.8655120990239085,0.19360303738464488,0.8605548560619354,0.22723868328471306
80,6,6,additive,multiplicative,A/M,PI:boltzmann_policy_iteration,5,0,0.538360595703125,3.460784624516964,0.3572781871626256,0.5873501241207123,0.17413106925034288
80,6,6,additive,multiplicative,A/M,PI:policy_iteration,5,1,0.005997657775878906,3.0373554402962326,0.20863225651867282,0.004547774791717529,0.004452115359636011
80,6,6,additive,multiplicative,A/M,PI:smooth_policy_iteration,5,2,1.9073486328125e-06,3.446552896872163,0.17642579490512242,0.0013184070587158204,0.0018662148784387286
80,6,6,additive,multiplicative,A/M,PSO,5,0,4.623113632202148,18.45709496885538,1.2141572952903859,3.5344619035720823,2.809212881063274
80,6,6,multiplicative,additive,M/A,DampedFP:damped,5,1,1.9073486328125e-06,3.3606541750952603,0.1008912281230368,8.573532104492188e-05,0.0001879141410032134
80,6,6,multiplicative,additive,M/A,DampedFP:fictitious_play,5,1,0.0001125335693359375,89.90130002889782,0.7539766442388572,0.00044459104537963867,0.0008554452492405805
80,6,6,multiplicative,additive,M/A,DampedFP:pure,5,1,1.9073486328125e-06,3.2686322182416916,0.30668703624747495,7.93933868408203e-06,1.4508216219460926e-05
80,6,6,multiplicative,additive,M/A,OMD,5,0,0.853485107421875,3.8463535266928375,0.2153750749572366,0.8439543545246124,0.2500123216973871
80,6,6,multiplicative,additive,M/A,PI:boltzmann_policy_iteration,5,0,0.4775514602661133,3.421864857245237,0.2019916836498196,0.567573344707489,0.2526791806476103
80,6,6,multiplicative,additive,M/A,PI:policy_iteration,5,2,1.9073486328125e-06,3.144456545263529,0.23290369812821407,0.00011545419692993164,0.0002554656674357424
80,6,6,multiplicative,additive,M/A,PI:smooth_policy_iteration,5,3,9.5367431640625e-07,3.667449408210814,0.2677025651499208,2.802610397338867e-05,6.050600163022941e-05
80,6,6,multiplicative,additive,M/A,PSO,5,0,4.16081428527832,20.65564683303237,1.273110388257155,3.280710256099701,2.5444761034359127
130,6,6,additive,multiplicative,A/M,DampedFP:damped,5,0,0.00457310676574707,7.880147380474955,0.20518366778807504,0.006475126743316651,0.005733920052983464
130,6,6,additive,multiplicative,A/M,DampedFP:fictitious_play,5,0,0.005888938903808594,97.69245183607563,1.3124597244448035,0.006460738182067871,0.006239338657486867
130,6,6,additive,multiplicative,A/M,DampedFP:pure,5,0,0.008238792419433594,8.425784432701766,0.5852605683591992,0.009660482406616211,0.00915803142570287
130,6,6,additive,multiplicative,A/M,OMD,5,0,0.9199886322021484,8.617656996659935,0.4052652368434697,0.8415008306503295,0.24294662164533232
130,6,6,additive,multiplicative,A/M,PI:boltzmann_policy_iteration,5,0,0.5370359420776367,8.576320383604616,0.670551300369499,0.5859069705009461,0.19922636453996773
130,6,6,additive,multiplicative,A/M,PI:policy_iteration,5,0,0.008465766906738281,7.729949697293341,0.7794134939858547,0.008458292484283448,0.008496021530202045
130,6,6,additive,multiplicative,A/M,PI:smooth_policy_iteration,5,0,0.0086669921875,8.042382796760648,0.516592804655798,0.009098267555236817,0.008792217991083364
130,6,6,additive,multiplicative,A/M,PSO,5,0,5.351862907409668,37.16724413400516,1.9738970329452417,3.9860917568206786,3.0967454558490393
130,6,6,multiplicative,additive,M/A,DampedFP:damped,5,2,1.9073486328125e-06,8.190629959572107,0.30986674699407857,0.0008100748062133789,0.0016579420813145665
130,6,6,multiplicative,additive,M/A,DampedFP:fictitious_play,5,1,9.5367431640625e-05,98.82330335266889,2.2059391597333655,0.00014085769653320311,0.00018158931603448614
130,6,6,multiplicative,additive,M/A,DampedFP:pure,5,1,1.9073486328125e-06,8.30136562269181,0.6879560316420246,0.000819706916809082,0.0016778380626252087
130,6,6,multiplicative,additive,M/A,OMD,5,0,0.8587770462036133,8.686872393731027,0.48140905892686126,0.8617982149124146,0.2933840156872398
130,6,6,multiplicative,additive,M/A,PI:boltzmann_policy_iteration,5,0,0.46944332122802734,8.136290690023452,0.21930155658685574,0.5921755969524384,0.2812848507012221
130,6,6,multiplicative,additive,M/A,PI:policy_iteration,5,1,1.9073486328125e-06,7.827635209541768,0.2664291628086941,0.0009134054183959961,0.0018868671888387365
130,6,6,multiplicative,additive,M/A,PI:smooth_policy_iteration,5,1,2.86102294921875e-06,7.772796928230673,0.3545094626070963,0.0005934476852416992,0.000930088717043355
130,6,6,multiplicative,additive,M/A,PSO,5,0,5.248680114746094,41.845740432199094,3.2149879342122647,3.542739140987396,2.6561124843843875
400,6,6,additive,multiplicative,A/M,DampedFP:damped,5,0,0.011046409606933594,177.68388839801773,9.23406772027194,0.008422529697418213,0.006228667767342396
400,6,6,additive,multiplicative,A/M,DampedFP:fictitious_play,5,0,0.010237693786621094,277.04436655184253,4.189400095520317,0.009868133068084716,0.007482213802228091
400,6,6,additive,multiplicative,A/M,DampedFP:pure,5,0,0.015436172485351562,180.4534629327245,8.473781105660843,0.014751410484313965,0.013764381881134507
400,6,6,additive,multiplicative,A/M,OMD,5,0,0.9906110763549805,181.00480015659704,6.098971000605102,0.8930793881416321,0.27259212729343
400,6,6,additive,multiplicative,A/M,PI:boltzmann_policy_iteration,5,0,0.5638809204101562,178.2808616084978,2.9753991040629164,0.6179984450340271,0.23217778252085425
400,6,6,additive,multiplicative,A/M,PI:policy_iteration,5,0,0.027692794799804688,175.09978555170818,6.833258179542801,0.019688940048217772,0.014977047020492623
400,6,6,additive,multiplicative,A/M,PI:smooth_policy_iteration,5,0,0.00836944580078125,181.43217637902126,10.20585491744319,0.008158767223358154,0.00613254789965864
400,6,6,additive,multiplicative,A/M,PSO,5,0,7.404136657714844,422.3937644849531,27.545130096738685,5.370300906896591,4.224470842433877
400,6,6,multiplicative,additive,M/A,DampedFP:damped,5,2,1.9073486328125e-06,176.19231112785639,8.01210289280463,0.00020763874053955078,0.00040964180457799145
400,6,6,multiplicative,additive,M/A,DampedFP:fictitious_play,5,1,7.534027099609375e-05,274.25679865041747,4.953253864641122,0.00013104677200317382,0.00017779424919892427
400,6,6,multiplicative,additive,M/A,DampedFP:pure,5,2,1.9073486328125e-06,180.50165682965888,8.562567404463143,7.773637771606446e-05,0.00017086201599591356
400,6,6,multiplicative,additive,M/A,OMD,5,0,0.874664306640625,177.03899170616643,3.9244283931972164,0.8651854753494262,0.29397752347247036
400,6,6,multiplicative,additive,M/A,PI:boltzmann_policy_iteration,5,0,0.4886937141418457,173.4633511110209,5.4266774950100105,0.5839554071426392,0.2883865557768028
400,6,6,multiplicative,additive,M/A,PI:policy_iteration,5,2,1.9073486328125e-06,173.9091836030595,3.905963966630935,2.624988555908203e-05,5.623674702203434e-05
400,6,6,multiplicative,additive,M/A,PI:smooth_policy_iteration,5,2,1.9073486328125e-06,178.10908300913871,5.7251861092828005,8.612871170043945e-05,0.00019015911683026353
400,6,6,multiplicative,additive,M/A,PSO,5,0,7.611574172973633,432.3205903257243,23.59278640226069,5.334551984071732,4.08998682242493
